,subject,invest,return,gain,player1_invest,player1_invest_1,player1_invest_2,player1_invest_3,player1_invest_4,player1_invest_5,player1_invest_6,player1_invest_7,player1_invest_8,player1_invest_9,player1_invest_10,player1_invest_11,player1_invest_12,player1_invest_13,player1_invest_14,player1_invest_15,player1_invest_16,player1_invest_17,player1_invest_18,player1_invest_19,player1_invest_20,player1_return,player1_return_1,player1_return_2,player1_return_3,player1_return_4,player1_return_5,player1_return_6,player1_return_7,player1_return_8,player1_return_9,player1_return_10,player1_return_11,player1_return_12,player1_return_13,player1_return_14,player1_return_15,player1_return_16,player1_return_17,player1_return_18,player1_return_19,player1_return_20,player1_gain,player1_gain_1,player1_gain_2,player1_gain_3,player1_gain_4,player1_gain_5,player1_gain_6,player1_gain_7,player1_gain_8,player1_gain_9,player1_gain_10,player1_gain_11,player1_gain_12,player1_gain_13,player1_gain_14,player1_gain_15,player1_gain_16,player1_gain_17,player1_gain_18,player1_gain_19,player1_gain_20,player2_invest,player2_invest_1,player2_invest_2,player2_invest_3,player2_invest_4,player2_invest_5,player2_invest_6,player2_invest_7,player2_invest_8,player2_invest_9,player2_invest_10,player2_invest_11,player2_invest_12,player2_invest_13,player2_invest_14,player2_invest_15,player2_invest_16,player2_invest_17,player2_invest_18,player2_invest_19,player2_invest_20,player2_return,player2_return_1,player2_return_2,player2_return_3,player2_return_4,player2_return_5,player2_return_6,player2_return_7,player2_return_8,player2_return_9,player2_return_10,player2_return_11,player2_return_12,player2_return_13,player2_return_14,player2_return_15,player2_return_16,player2_return_17,player2_return_18,player2_return_19,player2_return_20,player2_gain,player2_gain_1,player2_gain_2,player2_gain_3,player2_gain_4,player2_gain_5,player2_gain_6,player2_gain_7,player2_gain_8,player2_gain_9,player2_gain_10,player2_gain_11,player2_gain_12,player2_gain_13,player2_gain_14,player2_gain_15,player2_gain_16,player2_gain_17,player2_gain_18,player2_gain_19,player2_gain_20,diff_invest
BN002,BN002,328,432,104,200,10,10,10,10,10,10,10,10,10,10,10,10,10,10,10,10,10,10,10,10,326,11,20,20,20,10,20,10,20,20,15,20,20,15,15,10,20,20,15,15,10,126,1,10,10,10,0,10,0,10,10,5,10,10,5,5,0,10,10,5,5,0,128,10,10,10,10,10,10,10,10,10,10,1,1,1,10,10,1,1,1,1,1,106,9,8,10,10,5,10,10,8,5,8,1,1,1,10,5,1,1,1,1,1,-22,-1,-2,0,0,-5,0,0,-2,-5,-2,0,0,0,0,-5,0,0,0,0,0,72
BN003,BN003,175,303,128,138,3,4,4,1,5,6,7,8,9,8,9,5,8,9,9,9,10,9,10,5,270,4,8,4,2,10,12,14,16,18,16,18,10,16,18,18,18,20,18,20,10,132,1,4,0,1,5,6,7,8,9,8,9,5,8,9,9,9,10,9,10,5,37,3,4,2,3,1,4,3,2,1,1,1,1,2,2,2,1,1,1,1,1,33,2,4,2,3,1,2,3,1,1,1,1,1,2,2,2,1,1,1,1,1,-4,-1,0,0,0,0,-2,0,-1,0,0,0,0,0,0,0,0,0,0,0,0,101
BN005,BN005,314,382,68,185,10,5,5,10,10,10,10,10,10,10,10,9,10,10,8,10,8,10,10,10,294,11,10,10,20,20,20,20,20,15,20,10,9,10,10,16,10,8,20,15,20,109,1,5,5,10,10,10,10,10,5,10,0,0,0,0,8,0,0,10,5,10,129,10,5,10,1,10,10,10,10,5,10,7,4,10,10,1,1,10,3,1,1,88,9,5,10,1,8,5,10,5,3,5,4,2,5,5,1,1,5,2,1,1,-41,-1,0,0,0,-2,-5,0,-5,-2,-5,-3,-2,-5,-5,0,0,-5,-1,0,0,56
BN006,BN006,234,367,133,176,5,6,7,10,10,10,10,10,10,8,10,10,10,9,10,10,10,10,10,1,322,6,9,14,15,15,20,20,15,20,8,20,20,20,18,20,20,20,20,20,2,146,1,3,7,5,5,10,10,5,10,0,10,10,10,9,10,10,10,10,10,1,58,5,3,4,5,7,3,10,1,3,2,3,1,1,2,1,1,1,3,1,1,45,4,3,4,5,4,3,5,1,2,2,2,1,1,1,1,1,1,2,1,1,-13,-1,0,0,0,-3,0,-5,0,-1,0,-1,0,0,-1,0,0,0,-1,0,0,118
BN007,BN007,170,261,91,140,6,9,10,10,10,10,10,10,1,10,10,10,1,1,5,10,4,5,3,5,235,7,18,20,20,20,15,20,15,2,20,10,10,2,2,10,10,8,10,6,10,95,1,9,10,10,10,5,10,5,1,10,0,0,1,1,5,0,4,5,3,5,30,6,1,3,1,1,1,2,1,1,1,1,1,1,1,1,1,1,3,1,1,26,5,1,2,1,1,1,1,1,1,1,1,1,1,1,1,1,1,2,1,1,-4,-1,0,-1,0,0,0,-1,0,0,0,0,0,0,0,0,0,0,-1,0,0,110
BN008,BN008,193,338,145,158,2,3,10,10,5,6,9,10,10,10,2,5,10,10,6,10,10,10,10,10,305,3,6,20,15,10,12,18,20,20,15,4,10,20,20,12,20,20,20,20,20,147,1,3,10,5,5,6,9,10,10,5,2,5,10,10,6,10,10,10,10,10,35,5,2,8,1,2,3,1,1,1,1,1,1,1,1,1,1,1,1,1,1,33,4,2,8,1,2,2,1,1,1,1,1,1,1,1,1,1,1,1,1,1,-2,-1,0,0,0,0,-1,0,0,0,0,0,0,0,0,0,0,0,0,0,0,123
BN009,BN009,150,199,49,96,5,3,3,2,7,8,6,4,3,5,4,9,5,6,4,4,4,5,5,4,161,6,3,3,2,14,12,9,6,6,10,8,14,10,6,8,8,8,10,10,8,65,1,0,0,0,7,4,3,2,3,5,4,5,5,0,4,4,4,5,5,4,54,5,4,4,2,2,2,4,1,4,1,5,3,2,2,1,3,3,2,2,2,38,4,3,3,1,1,2,3,1,2,1,3,2,2,1,1,3,2,1,1,1,-16,-1,-1,-1,-1,-1,0,-1,0,-2,0,-2,-1,0,-1,0,0,-1,-1,-1,-1,42
BN010,BN010,149,207,58,93,5,7,10,10,8,1,3,10,10,1,10,10,1,1,1,1,1,1,1,1,169,6,11,20,10,16,2,6,20,20,2,20,20,2,2,2,2,2,2,2,2,76,1,4,10,0,8,1,3,10,10,1,10,10,1,1,1,1,1,1,1,1,56,5,5,7,10,1,3,1,1,3,1,10,1,1,1,1,1,1,1,1,1,38,4,3,4,5,1,2,1,1,2,1,5,1,1,1,1,1,1,1,1,1,-18,-1,-2,-3,-5,0,-1,0,0,-1,0,-5,0,0,0,0,0,0,0,0,0,37
BN011,BN011,200,307,107,152,3,5,6,4,4,8,8,7,9,10,4,9,8,9,10,9,10,9,10,10,272,4,10,6,6,8,8,12,14,18,10,8,18,16,18,20,18,20,18,20,20,120,1,5,0,2,4,0,4,7,9,0,4,9,8,9,10,9,10,9,10,10,48,3,1,3,5,1,2,1,3,2,3,10,1,5,1,2,1,1,1,1,1,35,2,1,3,4,1,1,1,3,1,2,5,1,3,1,1,1,1,1,1,1,-13,-1,0,0,-1,0,-1,0,0,-1,-1,-5,0,-2,0,-1,0,0,0,0,0,104
BN012,BN012,220,364,144,172,4,6,7,10,8,7,1,10,9,10,10,10,10,10,10,10,10,10,10,10,330,5,12,11,20,8,14,2,20,18,20,20,20,20,20,20,20,20,20,20,20,158,1,6,4,10,0,7,1,10,9,10,10,10,10,10,10,10,10,10,10,10,48,4,2,3,3,1,4,3,1,2,1,1,1,6,1,1,3,8,1,1,1,34,3,2,3,2,1,2,2,1,1,1,1,1,3,1,1,2,4,1,1,1,-14,-1,0,0,-1,0,-2,-1,0,-1,0,0,0,-3,0,0,-1,-4,0,0,0,124
BN013,BN013,162,253,91,113,3,4,1,3,5,6,6,8,7,7,8,6,4,5,6,5,8,6,7,8,220,4,4,2,6,10,12,12,16,14,14,16,12,8,10,12,10,16,12,14,16,107,1,0,1,3,5,6,6,8,7,7,8,6,4,5,6,5,8,6,7,8,49,4,2,2,1,2,1,3,2,4,1,2,3,4,2,2,2,4,5,1,2,33,3,1,2,1,2,1,3,1,2,1,2,2,2,1,1,1,2,3,1,1,-16,-1,-1,0,0,0,0,0,-1,-2,0,0,-1,-2,-1,-1,-1,-2,-2,0,-1,64
BN014,BN014,303,359,56,154,7,5,6,7,7,6,7,9,9,9,9,9,9,8,8,9,8,7,8,7,255,8,8,12,14,11,9,11,18,18,18,9,9,9,16,16,9,16,14,16,14,101,1,3,6,7,4,3,4,9,9,9,0,0,0,8,8,0,8,7,8,7,149,7,5,6,5,7,6,8,8,9,9,9,9,9,8,8,9,7,7,7,6,104,6,5,3,5,7,3,6,8,7,5,5,9,7,4,4,5,4,4,4,3,-45,-1,0,-3,0,0,-3,-2,0,-2,-4,-4,0,-2,-4,-4,-4,-3,-3,-3,-3,5
BN015,BN015,400,465,65,200,10,10,10,10,10,10,10,10,10,10,10,10,10,10,10,10,10,10,10,10,296,11,10,15,10,20,20,20,10,15,10,15,20,10,10,15,15,15,15,20,20,96,1,0,5,0,10,10,10,0,5,0,5,10,0,0,5,5,5,5,10,10,200,10,10,10,10,10,10,10,10,10,10,10,10,10,10,10,10,10,10,10,10,169,9,10,5,8,8,8,10,5,10,10,8,8,8,10,10,8,8,8,8,10,-31,-1,0,-5,-2,-2,-2,0,-5,0,0,-2,-2,-2,0,0,-2,-2,-2,-2,0,0
BN016,BN016,269,363,94,176,8,9,9,9,9,10,10,10,8,7,9,9,10,9,8,9,9,9,8,7,299,9,14,14,18,18,20,20,10,16,14,18,18,10,9,16,18,18,9,16,14,123,1,5,5,9,9,10,10,0,8,7,9,9,0,0,8,9,9,0,8,7,93,8,8,5,4,10,5,7,2,3,1,3,4,7,3,1,3,5,1,5,8,64,7,4,5,4,5,5,4,2,2,1,2,3,4,2,1,2,3,1,3,4,-29,-1,-4,0,0,-5,0,-3,0,-1,0,-1,-1,-3,-1,0,-1,-2,0,-2,-4,83
BN017,BN017,42,56,14,20,1,1,1,1,1,1,1,1,1,1,1,1,1,1,1,1,1,1,1,1,35,2,2,2,2,2,2,2,2,2,2,2,2,1,2,1,2,1,2,1,1,15,1,1,1,1,1,1,1,1,1,1,1,1,0,1,0,1,0,1,0,0,22,3,1,1,1,1,1,1,1,1,1,1,1,1,1,1,1,1,1,1,1,21,2,1,1,1,1,1,1,1,1,1,1,1,1,1,1,1,1,1,1,1,-1,-1,0,0,0,0,0,0,0,0,0,0,0,0,0,0,0,0,0,0,0,-2
BN018,BN018,189,300,111,147,4,7,8,5,8,10,10,7,5,6,5,6,7,6,8,10,9,8,8,10,266,5,14,8,10,16,20,10,7,10,12,10,12,14,12,16,20,18,16,16,20,119,1,7,0,5,8,10,0,0,5,6,5,6,7,6,8,10,9,8,8,10,42,7,5,1,3,2,1,2,1,2,1,1,2,3,1,1,5,1,1,1,1,34,6,3,1,2,2,1,2,1,1,1,1,2,2,1,1,3,1,1,1,1,-8,-1,-2,0,-1,0,0,0,0,-1,0,0,0,-1,0,0,-2,0,0,0,0,105
BN019,BN019,263,386,123,180,8,9,10,9,10,9,9,8,7,9,9,10,10,10,10,10,8,8,9,8,327,9,18,20,18,10,18,18,16,7,18,18,20,20,20,20,15,16,16,14,16,147,1,9,10,9,0,9,9,8,0,9,9,10,10,10,10,5,8,8,5,8,83,9,9,6,7,6,5,5,4,5,4,5,1,3,1,7,1,1,1,2,1,59,8,5,5,5,3,5,3,4,3,2,3,1,2,1,4,1,1,1,1,1,-24,-1,-4,-1,-2,-3,0,-2,0,-2,-2,-2,0,-1,0,-3,0,0,0,-1,0,97
BN020,BN020,170,295,125,143,2,4,4,5,6,8,5,6,6,7,7,8,8,9,9,9,10,10,10,10,272,3,6,8,10,12,8,10,9,12,14,14,16,16,18,18,18,20,20,20,20,129,1,2,4,5,6,0,5,3,6,7,7,8,8,9,9,9,10,10,10,10,27,2,2,2,3,2,1,1,2,1,1,1,1,1,1,1,1,1,1,1,1,23,1,2,2,2,1,1,1,1,1,1,1,1,1,1,1,1,1,1,1,1,-4,-1,0,0,-1,-1,0,0,-1,0,0,0,0,0,0,0,0,0,0,0,0,116
BN021,BN021,291,393,102,180,1,10,10,10,9,10,10,10,10,9,10,10,8,10,8,10,8,8,9,10,326,2,20,20,10,14,20,20,20,15,18,20,10,16,15,16,20,16,16,18,20,146,1,10,10,0,5,10,10,10,5,9,10,0,8,5,8,10,8,8,9,10,111,9,8,10,2,3,5,6,10,4,4,1,8,5,3,10,5,6,4,5,3,67,8,6,5,2,2,4,3,5,2,2,1,4,3,2,5,3,3,2,3,2,-44,-1,-2,-5,0,-1,-1,-3,-5,-2,-2,0,-4,-2,-1,-5,-2,-3,-2,-2,-1,69
BN022,BN022,205,345,140,160,2,5,8,9,7,5,8,10,8,9,8,10,8,9,6,10,10,9,9,10,310,3,10,16,9,14,10,16,20,16,18,16,20,16,18,12,20,20,18,18,20,150,1,5,8,0,7,5,8,10,8,9,8,10,8,9,6,10,10,9,9,10,45,3,4,2,1,2,1,4,2,1,3,4,1,1,1,8,1,2,1,2,1,35,2,4,2,1,2,1,2,2,1,2,2,1,1,1,6,1,1,1,1,1,-10,-1,0,0,0,0,0,-2,0,0,-1,-2,0,0,0,-2,0,-1,0,-1,0,115
BN023,BN023,215,314,99,157,9,7,6,7,5,8,9,4,5,5,6,7,10,10,10,10,9,10,10,10,270,10,7,12,7,5,12,9,6,10,8,12,14,20,20,20,20,18,20,20,20,113,1,0,6,0,0,4,0,2,5,3,6,7,10,10,10,10,9,10,10,10,58,9,5,2,2,3,2,6,2,1,3,4,8,1,2,1,1,1,3,1,1,44,8,3,2,2,2,2,3,2,1,2,4,4,1,1,1,1,1,2,1,1,-14,-1,-2,0,0,-1,0,-3,0,0,-1,0,-4,0,-1,0,0,0,-1,0,0,99
BN024,BN024,154,225,71,105,3,2,3,6,5,7,6,3,1,8,6,6,9,4,5,6,7,6,8,4,188,4,4,5,12,10,14,6,6,1,16,9,12,9,8,10,12,14,12,16,8,83,1,2,2,6,5,7,0,3,0,8,3,6,0,4,5,6,7,6,8,4,49,4,5,2,6,1,2,4,5,2,4,2,1,1,3,1,1,1,2,1,1,37,3,4,1,5,1,2,3,3,2,2,1,1,1,2,1,1,1,1,1,1,-12,-1,-1,-1,-1,0,0,-1,-2,0,-2,-1,0,0,-1,0,0,0,-1,0,0,56
BN025,BN025,298,370,72,161,7,8,10,7,9,9,5,7,7,10,8,7,8,8,9,7,8,10,10,7,278,8,8,10,7,9,14,10,14,14,20,16,14,16,16,18,14,16,20,20,14,117,1,0,0,0,0,5,5,7,7,10,8,7,8,8,9,7,8,10,10,7,137,5,5,2,8,8,8,10,5,10,7,10,9,1,10,10,5,8,4,4,8,92,4,5,2,8,4,6,10,4,5,4,5,5,1,5,5,3,8,2,2,4,-45,-1,0,0,0,-4,-2,0,-1,-5,-3,-5,-4,0,-5,-5,-2,0,-2,-2,-4,24
BN026,BN026,165,224,59,98,1,3,3,1,5,5,5,5,6,3,3,3,4,4,6,8,8,8,9,8,181,2,5,6,2,5,8,10,10,6,5,6,6,8,8,12,16,16,16,18,16,83,1,2,3,1,0,3,5,5,0,2,3,3,4,4,6,8,8,8,9,8,67,1,3,3,1,5,5,4,1,4,5,7,3,3,1,1,1,2,3,8,6,43,0,3,2,1,3,4,3,1,2,3,4,2,2,1,1,1,1,2,4,3,-24,-1,0,-1,0,-2,-1,-1,0,-2,-2,-3,-1,-1,0,0,0,-1,-1,-4,-3,31
BN027,BN027,272,408,136,183,7,8,9,7,10,5,8,10,9,10,10,10,10,10,10,10,10,10,10,10,338,8,12,9,14,15,10,16,20,14,20,20,20,20,20,20,20,20,20,20,20,155,1,4,0,7,5,5,8,10,5,10,10,10,10,10,10,10,10,10,10,10,89,7,7,7,10,8,4,5,1,10,7,5,2,3,5,1,1,3,1,1,1,70,6,7,7,5,4,2,3,1,10,7,3,2,3,3,1,1,2,1,1,1,-19,-1,0,0,-5,-4,-2,-2,0,0,0,-2,0,0,-2,0,0,-1,0,0,0,94
BN028,BN028,298,400,102,199,10,10,10,10,10,10,10,10,10,10,9,10,10,10,10,10,10,10,10,10,320,11,20,20,20,20,20,20,20,15,15,9,10,15,20,15,10,20,10,10,20,121,1,10,10,10,10,10,10,10,5,5,0,0,5,10,5,0,10,0,0,10,99,10,10,8,10,9,10,8,1,1,1,1,10,10,1,1,1,1,1,2,3,80,9,5,8,10,9,5,6,1,1,1,1,10,5,1,1,1,1,1,2,2,-19,-1,-5,0,0,0,-5,-2,0,0,0,0,0,-5,0,0,0,0,0,0,-1,100
BN029,BN029,286,380,94,184,7,9,5,4,10,10,10,10,10,9,10,10,10,10,10,10,10,10,10,10,315,8,9,10,4,15,20,20,10,20,14,10,20,20,20,15,20,20,20,20,20,131,1,0,5,0,5,10,10,0,10,5,0,10,10,10,5,10,10,10,10,10,102,6,7,10,5,8,5,4,1,3,5,3,10,10,1,2,1,3,4,6,8,65,5,7,8,3,4,3,2,1,3,3,2,5,5,1,1,1,2,2,3,4,-37,-1,0,-2,-2,-4,-2,-2,0,0,-2,-1,-5,-5,0,-1,0,-1,-2,-3,-4,82
BN030,BN030,193,273,80,121,4,6,5,2,3,9,8,9,4,7,8,8,3,9,7,4,2,4,10,9,224,5,9,8,3,5,18,8,18,8,14,16,16,6,18,14,8,4,8,20,18,103,1,3,3,1,2,9,0,9,4,7,8,8,3,9,7,4,2,4,10,9,72,4,6,5,2,7,3,9,1,3,4,5,2,5,6,2,1,1,4,1,1,49,3,6,4,1,5,2,5,1,2,3,3,1,3,3,1,1,1,2,1,1,-23,-1,0,-1,-1,-2,-1,-4,0,-1,-1,-2,-1,-2,-3,-1,0,0,-2,0,0,49
BN031,BN031,226,326,100,152,5,6,4,8,5,4,8,8,9,6,7,8,9,8,10,9,10,9,9,10,281,6,9,8,8,10,8,16,16,14,12,14,12,18,16,20,18,20,18,18,20,129,1,3,4,0,5,4,8,8,5,6,7,4,9,8,10,9,10,9,9,10,74,4,3,5,7,3,2,3,4,1,4,4,4,4,5,3,4,4,4,3,3,45,3,3,3,4,2,2,2,2,1,2,2,2,2,3,2,2,2,2,2,2,-29,-1,0,-2,-3,-1,0,-1,-2,0,-2,-2,-2,-2,-2,-1,-2,-2,-2,-1,-1,78
BN032,BN032,245,332,87,139,5,4,5,6,6,8,9,7,8,6,8,9,8,10,5,7,8,7,6,7,255,6,6,8,9,9,16,9,14,16,12,16,18,16,20,10,14,16,14,12,14,116,1,2,3,3,3,8,0,7,8,6,8,9,8,10,5,7,8,7,6,7,106,5,4,4,3,8,5,8,1,6,4,5,9,6,7,6,5,7,3,4,6,77,4,4,4,2,8,5,6,1,5,3,3,5,6,4,3,3,4,2,2,3,-29,-1,0,0,-1,0,0,-2,0,-1,-1,-2,-4,0,-3,-3,-2,-3,-1,-2,-3,33
BN033,BN033,269,367,98,200,10,10,10,10,10,10,10,10,10,10,10,10,10,10,10,10,10,10,10,10,311,11,15,20,15,20,10,20,15,15,15,20,10,20,10,15,10,15,20,20,15,111,1,5,10,5,10,0,10,5,5,5,10,0,10,0,5,0,5,10,10,5,69,10,10,10,10,1,1,10,1,1,1,1,1,1,5,1,1,1,1,1,1,56,9,10,10,5,1,1,5,1,1,1,1,1,1,3,1,1,1,1,1,1,-13,-1,0,0,-5,0,0,-5,0,0,0,0,0,0,-2,0,0,0,0,0,0,131
BN034,BN034,236,362,126,184,9,9,10,8,10,10,9,10,9,10,10,10,10,10,10,10,10,9,4,7,321,10,18,10,16,20,15,18,15,18,20,20,20,20,20,20,20,10,9,8,14,137,1,9,0,8,10,5,9,5,9,10,10,10,10,10,10,10,0,0,4,7,52,10,7,3,5,2,1,4,2,1,1,2,1,1,1,4,1,2,1,2,1,41,9,7,3,3,2,1,2,1,1,1,1,1,1,1,2,1,1,1,1,1,-11,-1,0,0,-2,0,0,-2,-1,0,0,-1,0,0,0,-2,0,-1,0,-1,0,132
BN035,BN035,159,232,73,105,3,2,2,3,5,6,8,5,4,5,5,3,4,6,6,6,7,8,9,8,195,4,3,4,5,8,12,12,10,8,10,5,6,8,12,12,12,14,16,18,16,90,1,1,2,2,3,6,4,5,4,5,0,3,4,6,6,6,7,8,9,8,54,4,5,1,2,3,3,3,2,2,3,3,3,2,3,3,3,2,2,2,3,37,3,3,1,1,2,2,2,2,1,2,2,2,2,2,3,2,1,1,1,2,-17,-1,-2,0,-1,-1,-1,-1,0,-1,-1,-1,-1,0,-1,0,-1,-1,-1,-1,-1,51
BN036,BN036,243,347,104,167,8,5,7,10,9,1,9,5,10,10,9,8,10,9,10,10,10,10,7,10,294,9,8,7,10,18,2,9,10,20,20,18,16,20,18,20,20,20,15,14,20,127,1,3,0,0,9,1,0,5,10,10,9,8,10,9,10,10,10,5,7,10,76,6,4,7,3,6,1,4,5,10,1,2,3,4,1,8,1,1,7,1,1,53,5,4,5,2,6,1,2,3,5,1,2,2,2,1,4,1,1,4,1,1,-23,-1,0,-2,-1,0,0,-2,-2,-5,0,0,-1,-2,0,-4,0,0,-3,0,0,91
BN037,BN037,185,283,98,146,5,6,4,2,4,3,8,10,10,10,8,9,5,8,10,10,10,10,4,10,251,6,6,6,3,4,6,16,20,20,15,16,9,10,16,20,20,20,10,8,20,105,1,0,2,1,0,3,8,10,10,5,8,0,5,8,10,10,10,0,4,10,39,5,6,4,2,1,2,5,1,1,1,2,1,1,1,1,1,1,1,1,1,32,4,6,2,1,1,1,4,1,1,1,1,1,1,1,1,1,1,1,1,1,-7,-1,0,-2,-1,0,-1,-1,0,0,0,-1,0,0,0,0,0,0,0,0,0,107
BN038,BN038,227,342,115,156,5,8,7,7,3,7,8,6,7,9,8,6,7,8,10,10,10,10,10,10,282,6,16,7,11,6,14,16,9,14,9,12,12,14,16,20,20,20,20,20,20,126,1,8,0,4,3,7,8,3,7,0,4,6,7,8,10,10,10,10,10,10,71,7,7,5,4,3,5,2,9,3,2,6,5,4,1,1,1,3,1,1,1,60,6,7,5,3,2,3,1,9,2,2,5,5,2,1,1,1,2,1,1,1,-11,-1,0,0,-1,-1,-2,-1,0,-1,0,-1,0,-2,0,0,0,-1,0,0,0,85
BN039,BN039,195,292,97,140,10,5,6,7,6,6,10,10,10,10,10,10,6,10,5,2,6,1,4,6,247,11,10,12,11,12,12,20,20,20,20,20,15,12,15,5,4,6,2,8,12,107,1,5,6,4,6,6,10,10,10,10,10,5,6,5,0,2,0,1,4,6,55,10,5,4,2,6,1,6,1,3,1,1,1,3,4,1,1,1,1,1,2,45,9,5,3,1,6,1,3,1,2,1,1,1,3,2,1,1,1,1,1,1,-10,-1,0,-1,-1,0,0,-3,0,-1,0,0,0,0,-2,0,0,0,0,0,-1,85
BN040,BN040,147,247,100,117,4,3,6,5,2,7,1,1,2,3,4,7,9,8,9,10,9,9,9,9,220,5,3,12,5,4,11,2,2,4,6,8,14,18,16,18,20,18,18,18,18,103,1,0,6,0,2,4,1,1,2,3,4,7,9,8,9,10,9,9,9,9,30,6,1,2,1,1,2,1,3,1,1,1,1,1,1,1,2,1,1,1,1,27,5,1,2,1,1,2,1,2,1,1,1,1,1,1,1,1,1,1,1,1,-3,-1,0,0,0,0,0,0,-1,0,0,0,0,0,0,0,-1,0,0,0,0,87
BN041,BN041,258,336,78,162,10,10,2,9,9,10,10,10,10,8,7,5,6,5,7,6,8,10,10,10,267,11,15,2,14,18,20,15,20,15,12,7,10,6,10,11,9,12,20,20,20,105,1,5,0,5,9,10,5,10,5,4,0,5,0,5,4,3,4,10,10,10,96,7,8,5,1,10,10,10,8,1,1,3,4,5,5,3,10,1,1,1,2,69,6,4,3,1,10,10,5,4,1,1,2,4,3,4,2,5,1,1,1,1,-27,-1,-4,-2,0,0,0,-5,-4,0,0,-1,0,-2,-1,-1,-5,0,0,0,-1,66
BN042,BN042,222,351,129,170,8,9,4,8,4,5,5,9,10,10,10,9,9,10,10,10,10,10,10,10,309,9,9,8,12,6,10,10,18,20,20,20,18,9,20,20,20,20,20,20,20,139,1,0,4,4,2,5,5,9,10,10,10,9,0,10,10,10,10,10,10,10,52,7,3,5,7,9,1,5,1,1,2,1,1,1,2,1,1,1,1,1,1,42,6,3,4,7,5,1,3,1,1,1,1,1,1,1,1,1,1,1,1,1,-10,-1,0,-1,0,-4,0,-2,0,0,-1,0,0,0,-1,0,0,0,0,0,0,118
BN043,BN043,222,303,81,145,6,6,2,8,7,6,2,9,2,8,9,10,9,10,8,9,7,10,10,7,253,7,9,3,8,7,12,2,9,2,16,18,20,18,20,16,18,14,20,20,14,108,1,3,1,0,0,6,0,0,0,8,9,10,9,10,8,9,7,10,10,7,77,8,4,3,5,6,1,4,8,4,6,1,2,2,3,2,7,3,1,2,5,50,7,3,2,3,3,1,2,6,3,3,1,1,1,2,1,4,2,1,1,3,-27,-1,-1,-1,-2,-3,0,-2,-2,-1,-3,0,-1,-1,-1,-1,-3,-1,0,-1,-2,68
BN044,BN044,293,390,97,189,10,10,8,8,10,10,7,9,10,10,10,9,8,10,10,10,10,10,10,10,314,11,10,8,16,15,10,14,14,20,15,15,18,8,20,20,20,20,20,20,20,125,1,0,0,8,5,0,7,5,10,5,5,9,0,10,10,10,10,10,10,10,104,10,10,5,3,8,7,2,5,7,4,5,2,1,8,4,3,6,8,4,2,76,9,8,5,3,6,5,1,5,4,4,4,2,1,4,3,2,3,4,2,1,-28,-1,-2,0,0,-2,-2,-1,0,-3,0,-1,0,0,-4,-1,-1,-3,-4,-2,-1,85
BN045,BN045,318,411,93,183,10,10,10,9,10,8,10,9,9,9,8,9,9,9,9,9,9,9,9,9,318,11,10,10,18,15,12,10,18,18,18,16,18,18,18,18,18,18,18,18,18,135,1,0,0,9,5,4,0,9,9,9,8,9,9,9,9,9,9,9,9,9,135,10,10,10,9,1,5,9,10,1,1,2,9,1,1,6,10,10,10,10,10,93,9,10,10,9,1,3,5,8,1,1,1,5,1,1,3,5,5,5,5,5,-42,-1,0,0,0,0,-2,-4,-2,0,0,-1,-4,0,0,-3,-5,-5,-5,-5,-5,48
BN046,BN046,400,419,19,200,10,10,10,10,10,10,10,10,10,10,10,10,10,10,10,10,10,10,10,10,266,11,20,15,10,10,10,20,10,10,15,10,10,15,10,20,20,10,10,10,20,66,1,10,5,0,0,0,10,0,0,5,0,0,5,0,10,10,0,0,0,10,200,10,10,10,10,10,10,10,10,10,10,10,10,10,10,10,10,10,10,10,10,153,9,8,5,5,8,5,10,8,8,10,5,10,5,8,8,8,10,8,5,10,-47,-1,-2,-5,-5,-2,-5,0,-2,-2,0,-5,0,-5,-2,-2,-2,0,-2,-5,0,0
BN047,BN047,222,343,121,156,5,4,6,4,2,5,7,8,8,9,10,9,10,9,10,10,10,10,10,10,292,6,4,9,4,2,10,11,16,16,18,20,18,20,18,20,20,20,20,20,20,136,1,0,3,0,0,5,4,8,8,9,10,9,10,9,10,10,10,10,10,10,66,3,1,6,9,5,7,2,6,1,4,1,3,1,10,1,1,1,2,1,1,51,2,1,6,9,4,7,1,3,1,2,1,2,1,5,1,1,1,1,1,1,-15,-1,0,0,0,-1,0,-1,-3,0,-2,0,-1,0,-5,0,0,0,-1,0,0,90
BN048,BN048,278,385,107,189,10,10,10,10,10,8,8,8,9,10,10,9,10,10,10,9,8,10,10,10,314,11,20,10,15,10,12,12,8,18,20,15,18,20,20,15,14,16,20,20,20,125,1,10,0,5,0,4,4,0,9,10,5,9,10,10,5,5,8,10,10,10,89,10,8,8,10,10,5,6,3,7,1,1,4,1,1,2,3,2,1,5,1,71,9,6,8,10,8,4,3,3,4,1,1,2,1,1,2,2,1,1,3,1,-18,-1,-2,0,0,-2,-1,-3,0,-3,0,0,-2,0,0,0,-1,-1,0,-2,0,100
BN049,BN049,264,391,127,184,8,6,8,7,9,10,8,9,10,9,10,10,10,10,10,10,10,10,10,10,333,9,6,8,14,9,15,16,18,20,18,20,20,20,20,20,20,20,20,20,20,149,1,0,0,7,0,5,8,9,10,9,10,10,10,10,10,10,10,10,10,10,80,7,5,8,7,7,1,10,8,3,3,2,4,8,1,1,1,1,1,1,1,58,6,5,4,5,4,1,8,4,2,2,1,3,6,1,1,1,1,1,1,1,-22,-1,0,-4,-2,-3,0,-2,-4,-1,-1,-1,-1,-2,0,0,0,0,0,0,0,104
BN050,BN050,212,330,118,165,6,2,8,6,10,8,8,10,10,8,8,9,5,10,8,9,10,10,10,10,297,7,3,8,12,20,16,16,20,15,16,16,9,5,20,16,18,20,20,20,20,132,1,1,0,6,10,8,8,10,5,8,8,0,0,10,8,9,10,10,10,10,47,5,2,1,4,5,1,1,1,2,1,1,2,3,2,6,3,2,2,2,1,33,4,2,1,3,3,1,1,1,1,1,1,2,2,1,3,2,1,1,1,1,-14,-1,0,0,-1,-2,0,0,0,-1,0,0,0,-1,-1,-3,-1,-1,-1,-1,0,118
BN051,BN051,193,301,108,133,5,7,3,5,9,6,5,4,6,7,10,1,8,9,6,10,10,5,8,9,256,6,14,5,5,18,12,10,8,12,14,20,2,16,18,12,20,20,10,16,18,123,1,7,2,0,9,6,5,4,6,7,10,1,8,9,6,10,10,5,8,9,60,7,8,1,2,3,2,5,1,2,6,1,1,4,1,2,1,10,1,1,1,45,6,8,1,1,3,2,4,1,1,3,1,1,2,1,1,1,5,1,1,1,-15,-1,0,0,-1,0,0,-1,0,-1,-3,0,0,-2,0,-1,0,-5,0,0,0,73
BN052,BN052,215,338,123,160,3,9,9,5,3,5,9,9,10,10,10,10,3,6,9,10,10,10,10,10,291,4,18,9,8,6,5,18,18,20,20,20,10,5,12,18,20,20,20,20,20,131,1,9,0,3,3,0,9,9,10,10,10,0,2,6,9,10,10,10,10,10,55,9,9,3,1,3,1,9,3,1,1,3,2,1,1,1,3,1,1,1,1,47,8,7,3,1,2,1,9,2,1,1,2,1,1,1,1,2,1,1,1,1,-8,-1,-2,0,0,-1,0,0,-1,0,0,-1,-1,0,0,0,-1,0,0,0,0,105
BN053,BN053,214,334,120,163,8,6,7,7,7,5,6,7,6,7,8,9,10,10,10,10,10,10,10,10,290,9,9,7,7,7,8,12,11,12,14,16,18,20,20,20,20,20,20,20,20,127,1,3,0,0,0,3,6,4,6,7,8,9,10,10,10,10,10,10,10,10,51,10,7,5,5,1,3,3,1,1,2,1,1,1,2,1,2,1,1,2,1,44,9,4,5,4,1,3,2,1,1,2,1,1,1,2,1,2,1,1,1,1,-7,-1,-3,0,-1,0,0,-1,0,0,0,0,0,0,0,0,0,0,0,-1,0,112
BN054,BN054,281,342,61,195,10,10,10,10,10,10,10,10,10,5,10,10,10,10,10,10,10,10,10,10,286,11,20,15,20,15,10,15,10,10,10,15,15,20,15,15,20,10,20,10,10,91,1,10,5,10,5,0,5,0,0,5,5,5,10,5,5,10,0,10,0,0,86,10,10,10,10,1,10,1,5,1,1,10,1,1,5,1,1,1,1,5,1,56,9,5,5,5,1,5,1,3,1,1,5,1,1,3,1,1,1,1,5,1,-30,-1,-5,-5,-5,0,-5,0,-2,0,0,-5,0,0,-2,0,0,0,0,0,0,109
BN055,BN055,248,333,85,164,8,5,3,10,10,7,10,9,10,10,10,10,10,1,10,10,10,10,10,1,276,9,8,3,10,15,14,10,18,15,20,20,20,20,2,20,20,20,10,20,2,112,1,3,0,0,5,7,0,9,5,10,10,10,10,1,10,10,10,0,10,1,84,8,5,3,10,1,10,4,10,1,1,2,1,3,8,1,1,2,1,5,7,57,7,5,2,8,1,5,2,5,1,1,2,1,2,4,1,1,1,1,3,4,-27,-1,0,-1,-2,0,-5,-2,-5,0,0,0,0,-1,-4,0,0,-1,0,-2,-3,80
BN056,BN056,218,331,113,156,5,7,8,9,5,6,5,4,7,8,7,9,10,9,9,10,8,10,10,10,290,6,14,16,9,5,12,8,6,14,16,14,18,20,18,18,20,16,20,20,20,134,1,7,8,0,0,6,3,2,7,8,7,9,10,9,9,10,8,10,10,10,62,7,2,4,4,3,2,3,2,3,4,1,10,1,3,3,1,1,2,5,1,41,6,2,3,2,2,1,2,1,2,2,1,5,1,2,2,1,1,1,3,1,-21,-1,0,-1,-2,-1,-1,-1,-1,-1,-2,0,-5,0,-1,-1,0,0,-1,-2,0,94
BN057,BN057,280,381,101,186,6,10,10,9,1,10,10,10,10,10,10,10,10,10,10,10,10,10,10,10,313,7,10,10,14,2,20,20,20,10,20,20,20,20,10,20,10,20,20,20,20,127,1,0,0,5,1,10,10,10,0,10,10,10,10,0,10,0,10,10,10,10,94,6,10,10,9,1,10,5,1,1,9,1,1,1,5,6,5,1,10,1,1,68,5,10,5,5,1,8,3,1,1,5,1,1,1,5,5,3,1,5,1,1,-26,-1,0,-5,-4,0,-2,-2,0,0,-4,0,0,0,0,-1,-2,0,-5,0,0,92
BN058,BN058,197,267,70,114,6,3,6,3,5,7,5,6,4,8,8,5,4,9,10,5,5,4,3,8,209,7,6,6,5,10,14,8,9,8,16,16,10,6,18,20,10,10,8,6,16,95,1,3,0,2,5,7,3,3,4,8,8,5,2,9,10,5,5,4,3,8,83,7,4,2,3,8,4,3,5,4,3,6,2,1,3,5,7,2,1,9,4,58,6,2,2,2,6,4,3,4,2,2,3,1,1,2,5,4,1,1,5,2,-25,-1,-2,0,-1,-2,0,0,-1,-2,-1,-3,-1,0,-1,0,-3,-1,0,-4,-2,31
BN059,BN059,230,342,112,172,10,10,1,10,10,10,10,9,10,10,10,10,10,1,10,10,10,10,10,1,291,11,15,2,10,20,20,10,14,20,20,20,20,15,2,20,20,20,20,10,2,119,1,5,1,0,10,10,0,5,10,10,10,10,5,1,10,10,10,10,0,1,58,10,10,10,1,1,2,1,10,1,1,1,1,1,2,1,1,1,1,1,1,51,9,8,8,1,1,1,1,10,1,1,1,1,1,1,1,1,1,1,1,1,-7,-1,-2,-2,0,0,-1,0,0,0,0,0,0,0,-1,0,0,0,0,0,0,114
BN060,BN060,227,354,127,179,10,5,10,10,10,10,8,8,10,8,9,8,8,5,10,10,10,10,10,10,315,11,8,20,20,15,10,16,16,15,8,18,16,12,10,20,20,20,20,20,20,136,1,3,10,10,5,0,8,8,5,0,9,8,4,5,10,10,10,10,10,10,48,10,5,1,4,1,3,2,3,5,1,3,1,1,2,1,1,1,1,1,1,39,9,3,1,3,1,2,2,3,3,1,2,1,1,1,1,1,1,1,1,1,-9,-1,-2,0,-1,0,-1,0,0,-2,0,-1,0,0,-1,0,0,0,0,0,0,131
BN061,BN061,184,316,132,149,3,5,4,5,6,6,7,6,8,8,9,8,9,10,9,10,8,9,10,9,288,4,8,4,8,12,12,14,12,16,16,18,16,18,20,18,20,16,18,20,18,139,1,3,0,3,6,6,7,6,8,8,9,8,9,10,9,10,8,9,10,9,35,3,3,4,2,3,2,1,1,2,2,1,1,1,1,2,1,1,1,2,1,28,2,3,3,2,2,1,1,1,2,1,1,1,1,1,1,1,1,1,1,1,-7,-1,0,-1,0,-1,-1,0,0,0,-1,0,0,0,0,-1,0,0,0,-1,0,114
BN062,BN062,197,312,115,162,4,1,10,10,10,10,9,10,9,10,5,10,1,10,10,10,10,10,3,10,284,5,1,20,20,15,15,14,20,18,20,8,10,2,20,20,20,20,10,6,20,122,1,0,10,10,5,5,5,10,9,10,3,0,1,10,10,10,10,0,3,10,35,7,1,2,3,1,1,1,1,2,2,1,1,2,1,1,4,1,1,1,1,28,6,1,1,2,1,1,1,1,2,1,1,1,1,1,1,2,1,1,1,1,-7,-1,0,-1,-1,0,0,0,0,0,-1,0,0,-1,0,0,-2,0,0,0,0,127
BN063,BN063,271,372,101,179,5,10,9,7,10,10,10,10,5,10,10,10,10,10,10,10,10,5,8,10,300,6,10,9,7,20,20,20,10,10,20,20,20,20,20,20,20,15,10,8,15,121,1,0,0,0,10,10,10,0,5,10,10,10,10,10,10,10,5,5,0,5,92,5,3,10,10,10,2,5,8,8,1,5,1,3,5,1,1,4,1,8,1,72,4,2,10,8,10,1,5,8,4,1,3,1,2,3,1,1,2,1,4,1,-20,-1,-1,0,-2,0,-1,0,0,-4,0,-2,0,-1,-2,0,0,-2,0,-4,0,87
BN064,BN064,216,274,58,116,6,7,4,2,3,8,2,6,2,5,4,10,2,7,8,9,9,4,8,10,199,7,7,8,2,3,12,2,9,2,10,8,15,4,14,16,18,18,8,16,20,83,1,0,4,0,0,4,0,3,0,5,4,5,2,7,8,9,9,4,8,10,100,7,6,6,7,3,1,7,1,5,8,3,10,5,2,7,5,5,5,5,2,75,6,5,3,7,3,1,7,1,3,6,3,8,3,1,4,3,4,3,3,1,-25,-1,-1,-3,0,0,0,0,0,-2,-2,0,-2,-2,-1,-3,-2,-1,-2,-2,-1,16
